{"v":"5.8.1","fr":60,"ip":0,"op":192,"w":1024,"h":1024,"nm":"emoji_unamused","ddd":0,"assets":[],"layers":[{"ddd":0,"ind":1,"ty":3,"nm":"Null ALL","sr":1,"ks":{"o":{"a":0,"k":0,"ix":11},"r":{"a":0,"k":0,"ix":10},"p":{"s":true,"x":{"a":0,"k":512,"ix":3},"y":{"a":1,"k":[{"i":{"x":[0.667],"y":[1]},"o":{"x":[0.333],"y":[0]},"t":0,"s":[512]},{"i":{"x":[0.667],"y":[1]},"o":{"x":[0.333],"y":[0]},"t":17.5,"s":[488]},{"i":{"x":[0.667],"y":[1]},"o":{"x":[0.333],"y":[0]},"t":42.5,"s":[536.062]},{"i":{"x":[0.667],"y":[1]},"o":{"x":[0.333],"y":[0]},"t":60,"s":[526]},{"i":{"x":[0.34],"y":[1]},"o":{"x":[0.333],"y":[0]},"t":120,"s":[526]},{"t":160,"s":[512]}],"ix":4}},"a":{"a":0,"k":[0,0,0],"ix":1,"l":2},"s":{"a":0,"k":[100,100,100],"ix":6,"l":2}},"ao":0,"ip":0,"op":192.5,"st":0,"bm":0},{"ddd":0,"ind":2,"ty":3,"nm":"Null Face","parent":1,"sr":1,"ks":{"o":{"a":0,"k":0,"ix":11},"r":{"a":0,"k":0,"ix":10},"p":{"s":true,"x":{"a":1,"k":[{"i":{"x":[0.833],"y":[0.833]},"o":{"x":[0.167],"y":[0.167]},"t":0,"s":[0]},{"i":{"x":[0.667],"y":[1]},"o":{"x":[0.167],"y":[0.167]},"t":17.5,"s":[-6]},{"i":{"x":[0.271],"y":[1]},"o":{"x":[0.333],"y":[0]},"t":40,"s":[-34]},{"i":{"x":[0.667],"y":[1]},"o":{"x":[0.333],"y":[0]},"t":60,"s":[22]},{"i":{"x":[0.667],"y":[1]},"o":{"x":[0.167],"y":[0]},"t":80,"s":[-24]},{"i":{"x":[0.667],"y":[1]},"o":{"x":[0.333],"y":[0]},"t":100,"s":[22]},{"t":120,"s":[0]}],"ix":3},"y":{"a":1,"k":[{"i":{"x":[0],"y":[1]},"o":{"x":[0.167],"y":[0.167]},"t":0,"s":[0]},{"i":{"x":[0],"y":[1]},"o":{"x":[0.554],"y":[0]},"t":17.5,"s":[-68]},{"i":{"x":[0.667],"y":[1]},"o":{"x":[0.554],"y":[0]},"t":27.5,"s":[-68]},{"i":{"x":[0.667],"y":[1]},"o":{"x":[0.333],"y":[0]},"t":42.5,"s":[31.234]},{"i":{"x":[0.667],"y":[1]},"o":{"x":[0.333],"y":[0]},"t":60,"s":[24]},{"i":{"x":[0.149],"y":[1]},"o":{"x":[0.333],"y":[0]},"t":120,"s":[24]},{"i":{"x":[0.34],"y":[1]},"o":{"x":[0.333],"y":[0]},"t":140,"s":[-8]},{"t":160,"s":[0]}],"ix":4}},"a":{"a":0,"k":[0,0,0],"ix":1,"l":2},"s":{"a":0,"k":[100,100,100],"ix":6,"l":2}},"ao":0,"ip":0,"op":192.5,"st":0,"bm":0},{"ddd":0,"ind":3,"ty":4,"nm":"eyebrows","parent":2,"sr":1,"ks":{"o":{"a":0,"k":100,"ix":11},"r":{"a":0,"k":0,"ix":10},"p":{"s":true,"x":{"a":0,"k":-7.975,"ix":3},"y":{"a":1,"k":[{"i":{"x":[0.667],"y":[1]},"o":{"x":[0.167],"y":[0.167]},"t":0,"s":[-133.372]},{"i":{"x":[0.667],"y":[1]},"o":{"x":[0.333],"y":[0]},"t":17.5,"s":[-163.372]},{"i":{"x":[0.667],"y":[1]},"o":{"x":[0.333],"y":[0]},"t":32.5,"s":[-163.372]},{"t":50,"s":[-133.372]}],"ix":4}},"a":{"a":0,"k":[0.025,-3.372,0],"ix":1,"l":2},"s":{"a":0,"k":[100,100,100],"ix":6,"l":2}},"ao":0,"shapes":[{"ty":"gr","it":[{"ind":0,"ty":"sh","ix":1,"ks":{"a":0,"k":{"i":[[0,0],[0.16,8.08],[-8.08,0.16],[-15.2,-3.52],[-24.64,-34.32],[12.96,12.4],[47.28,4.24]],"o":[[-8.08,0.16],[-0.16,-8.08],[15.52,-1.68],[41.44,8.4],[11.04,16.64],[-33.84,-33.28],[0,0]],"v":[[199.24,-19.72],[184.36,-34.12],[198.76,-49],[245.24,-46.2],[348.12,20.28],[324.6,38.28],[199.24,-19.72]],"c":true},"ix":2},"nm":"Path 1","mn":"ADBE Vector Shape - Group","hd":false},{"ind":1,"ty":"sh","ix":2,"ks":{"a":0,"k":{"i":[[0,0],[-0.16,8.08],[8.08,0.16],[15.2,-3.52],[24.64,-34.32],[-12.96,12.4],[-47.28,4.24]],"o":[[8.08,0.16],[0.16,-8.08],[-15.52,-1.68],[-41.44,8.4],[-11.12,16.64],[33.84,-33.28],[0,0]],"v":[[-199.16,-19.72],[-184.28,-34.12],[-198.68,-49],[-245.16,-46.2],[-348.04,20.28],[-324.52,38.28],[-199.16,-19.72]],"c":true},"ix":2},"nm":"Path 2","mn":"ADBE Vector Shape - Group","hd":false},{"ty":"fl","c":{"a":0,"k":[0.258823529412,0.16862745098,0.050980392157,1],"ix":4},"o":{"a":0,"k":100,"ix":5},"r":1,"bm":0,"nm":"Fill 1","mn":"ADBE Vector Graphic - Fill","hd":false},{"ty":"tr","p":{"a":0,"k":[0,0],"ix":2},"a":{"a":0,"k":[0,0],"ix":1},"s":{"a":0,"k":[100,100],"ix":3},"r":{"a":0,"k":0,"ix":6},"o":{"a":0,"k":100,"ix":7},"sk":{"a":0,"k":0,"ix":4},"sa":{"a":0,"k":0,"ix":5},"nm":"Transform"}],"nm":"Shape 1","np":4,"cix":2,"bm":0,"ix":1,"mn":"ADBE Vector Group","hd":false}],"ip":0,"op":192.5,"st":0,"bm":0},{"ddd":0,"ind":4,"ty":4,"nm":"eyes moving","parent":5,"sr":1,"ks":{"o":{"a":0,"k":100,"ix":11},"r":{"a":0,"k":0,"ix":10},"p":{"s":true,"x":{"a":0,"k":22.45,"ix":3},"y":{"a":0,"k":1.65,"ix":4}},"a":{"a":0,"k":[27.45,9.65,0],"ix":1,"l":2},"s":{"a":0,"k":[100,100,100],"ix":6,"l":2}},"ao":0,"shapes":[{"ty":"gr","it":[{"ind":0,"ty":"sh","ix":1,"ks":{"a":1,"k":[{"i":{"x":0,"y":1},"o":{"x":0.167,"y":0.167},"t":2.5,"s":[{"i":[[-7.04,6.8],[0,0],[-5.44,-11.44],[7.04,-6.8],[0,0],[5.44,11.44]],"o":[[0,0],[11.44,-5.36],[4.16,8.88],[0,0],[-11.44,5.36],[-4.16,-8.8]],"v":[[186.44,-22.864],[186.44,-22.864],[216.92,-11.904],[212.12,14.256],[212.12,14.256],[181.64,3.296]],"c":true}]},{"i":{"x":0.667,"y":1},"o":{"x":0.333,"y":0},"t":27.5,"s":[{"i":[[-7.04,6.587],[0,0],[-5.44,-11.082],[7.04,-6.587],[0,0],[5.414,11.095]],"o":[[0,0],[11.44,-5.193],[4.16,8.602],[0,0],[-11.44,5.193],[-4.16,-8.525]],"v":[[156.44,-27.86],[156.44,-27.86],[186.92,-17.243],[182.12,8.1],[182.12,8.1],[151.64,-2.518]],"c":true}]},{"i":{"x":0.833,"y":0.833},"o":{"x":0.333,"y":0},"t":35,"s":[{"i":[[-7.04,6.587],[0,0],[-5.44,-11.082],[7.04,-6.587],[0,0],[5.414,11.095]],"o":[[0,0],[11.44,-5.193],[4.16,8.602],[0,0],[-11.44,5.193],[-4.16,-8.525]],"v":[[156.44,-27.86],[156.44,-27.86],[186.92,-17.243],[182.12,8.1],[182.12,8.1],[151.64,-2.518]],"c":true}]},{"t":45,"s":[{"i":[[-7.04,6.587],[0,0],[-5.44,-11.082],[7.04,-6.587],[0,0],[5.414,11.095]],"o":[[0,0],[11.44,-5.193],[4.16,8.603],[0,0],[-11.44,5.193],[-4.16,-8.525]],"v":[[189.44,-6.86],[189.44,-6.86],[219.92,3.757],[215.12,29.1],[215.12,29.1],[184.64,18.482]],"c":true}]}],"ix":2},"nm":"Path 1","mn":"ADBE Vector Shape - Group","hd":false},{"ty":"fl","c":{"a":0,"k":[0.536999990426,0.375999989229,0.141000007181,1],"ix":4},"o":{"a":0,"k":100,"ix":5},"r":1,"bm":0,"nm":"Fill 1","mn":"ADBE Vector Graphic - Fill","hd":false},{"ty":"tr","p":{"a":0,"k":[44.65,6.55],"ix":2},"a":{"a":0,"k":[0,0],"ix":1},"s":{"a":0,"k":[100,100],"ix":3},"r":{"a":0,"k":0,"ix":6},"o":{"a":0,"k":100,"ix":7},"sk":{"a":0,"k":0,"ix":4},"sa":{"a":0,"k":0,"ix":5},"nm":"Transform"}],"nm":"Group 1","np":2,"cix":2,"bm":0,"ix":1,"mn":"ADBE Vector Group","hd":false},{"ty":"gr","it":[{"ind":0,"ty":"sh","ix":1,"ks":{"a":1,"k":[{"i":{"x":0,"y":1},"o":{"x":0.167,"y":0.167},"t":2.5,"s":[{"i":[[8.96,3.04],[47.36,-16.24],[-3.04,-8.56],[-8.56,3.04],[0,0],[-42.572,-9.162],[3.625,6.6]],"o":[[-48.4,-12.64],[-8.56,3.04],[3.04,8.56],[0,0],[18.969,-3.682],[14.529,3.127],[-4.4,-8.32]],"v":[[212.513,-54.924],[65.633,-49.404],[55.553,-28.444],[76.513,-18.364],[76.513,-18.364],[215.489,-15.584],[233.393,-37.164]],"c":true}]},{"i":{"x":0.667,"y":1},"o":{"x":0.333,"y":0},"t":27.5,"s":[{"i":[[8.652,3.831],[45.989,-19.792],[-3.682,-8.304],[-8.304,3.682],[0,0],[-41.58,-12.94],[3.019,6.898]],"o":[[-47.072,-16.927],[-8.304,3.682],[3.682,8.304],[0,0],[18.634,-5.113],[14.191,4.416],[-3.637,-8.681]],"v":[[214.464,-55.419],[64.24,-49.095],[55.782,-27.429],[77.448,-18.971],[77.448,-18.971],[213.902,-15.971],[233.669,-35.859]],"c":true}]},{"i":{"x":0.833,"y":0.833},"o":{"x":0.333,"y":0},"t":35,"s":[{"i":[[9.44,0.646],[50.001,-2.578],[-0.566,-9.066],[-9.066,0.567],[0,0],[-43.499,2.038],[5.193,5.453]],"o":[[-50.023,0.167],[-9.066,0.567],[0.567,9.066],[0,0],[19.25,1.681],[14.846,-0.696],[-6.383,-6.917]],"v":[[208.033,-53.57],[69.858,-50.692],[54.398,-33.315],[71.775,-17.856],[71.775,-17.856],[220.977,-16.301],[232.763,-41.745]],"c":true}]},{"t":45,"s":[{"i":[[8.96,3.04],[47.36,-16.24],[-3.04,-8.56],[-8.56,3.04],[0,0],[-42.572,-9.162],[3.625,6.6]],"o":[[-48.4,-12.64],[-8.56,3.04],[3.04,8.56],[0,0],[18.969,-3.682],[14.529,3.127],[-4.4,-8.32]],"v":[[212.513,-44.924],[65.633,-39.404],[55.553,-18.444],[76.513,-8.364],[76.513,-8.364],[215.489,-5.584],[233.393,-27.164]],"c":true}]}],"ix":2},"nm":"Path 1","mn":"ADBE Vector Shape - Group","hd":false},{"ty":"fl","c":{"a":0,"k":[0.258999992819,0.169000004787,0.051000000449,1],"ix":4},"o":{"a":0,"k":100,"ix":5},"r":1,"bm":0,"nm":"Fill 1","mn":"ADBE Vector Graphic - Fill","hd":false},{"ty":"tr","p":{"a":0,"k":[46.65,9.65],"ix":2},"a":{"a":0,"k":[0,0],"ix":1},"s":{"a":0,"k":[100,100],"ix":3},"r":{"a":0,"k":0,"ix":6},"o":{"a":0,"k":100,"ix":7},"sk":{"a":0,"k":0,"ix":4},"sa":{"a":0,"k":0,"ix":5},"nm":"Transform"}],"nm":"Group 6","np":2,"cix":2,"bm":0,"ix":2,"mn":"ADBE Vector Group","hd":false},{"ty":"gr","it":[{"ind":0,"ty":"sh","ix":1,"ks":{"a":1,"k":[{"i":{"x":0,"y":1},"o":{"x":0.167,"y":0.167},"t":2.5,"s":[{"i":[[0,-30.082],[30.082,0],[0,30.082],[-30.082,0]],"o":[[0,30.082],[-30.082,0],[0,-30.082],[30.082,0]],"v":[[232.109,3.796],[177.641,58.264],[123.173,3.796],[177.641,-50.672]],"c":true}]},{"i":{"x":0.667,"y":1},"o":{"x":0.333,"y":0},"t":27.5,"s":[{"i":[[0,-30.082],[30.082,0],[0,30.082],[-30.082,0]],"o":[[0,30.082],[-30.082,0],[0,-30.082],[30.082,0]],"v":[[202.109,-6.204],[147.641,48.264],[93.173,-6.204],[147.641,-50.672]],"c":true}]},{"i":{"x":0.833,"y":0.833},"o":{"x":0.333,"y":0},"t":35,"s":[{"i":[[0,-30.082],[30.082,0],[0,30.082],[-30.082,0]],"o":[[0,30.082],[-30.082,0],[0,-30.082],[30.082,0]],"v":[[202.109,-6.204],[147.641,48.264],[93.173,-6.204],[147.641,-50.672]],"c":true}]},{"t":45,"s":[{"i":[[0,-30.082],[30.082,0],[0,30.082],[-30.082,0]],"o":[[0,30.082],[-30.082,0],[0,-30.082],[30.082,0]],"v":[[234.109,3.796],[179.641,58.264],[125.173,3.796],[179.641,-45.672]],"c":true}]}],"ix":2},"nm":"Path 1","mn":"ADBE Vector Shape - Group","hd":false},{"ty":"fl","c":{"a":0,"k":[0.258999992819,0.169000004787,0.051000000449,1],"ix":4},"o":{"a":0,"k":100,"ix":5},"r":1,"bm":0,"nm":"Fill 1","mn":"ADBE Vector Graphic - Fill","hd":false},{"ty":"tr","p":{"a":0,"k":[46.65,9.65],"ix":2},"a":{"a":0,"k":[0,0],"ix":1},"s":{"a":0,"k":[100,100],"ix":3},"r":{"a":0,"k":0,"ix":6},"o":{"a":0,"k":100,"ix":7},"sk":{"a":0,"k":0,"ix":4},"sa":{"a":0,"k":0,"ix":5},"nm":"Transform"}],"nm":"Group 2","np":2,"cix":2,"bm":0,"ix":3,"mn":"ADBE Vector Group","hd":false},{"ty":"gr","it":[{"ind":0,"ty":"sh","ix":1,"ks":{"a":1,"k":[{"i":{"x":0,"y":1},"o":{"x":0.167,"y":0.167},"t":2.5,"s":[{"i":[[-7.12,6.88],[0,0],[-5.52,-11.36],[7.12,-6.88],[0,0],[5.52,11.36]],"o":[[0,0],[11.36,-5.44],[4.24,8.88],[0,0],[-11.36,5.44],[-4.24,-8.88]],"v":[[-158.394,-22.864],[-158.394,-22.864],[-127.834,-12.144],[-132.634,14.256],[-132.634,14.256],[-163.194,3.536]],"c":true}]},{"i":{"x":0.667,"y":1},"o":{"x":0.333,"y":0},"t":27.5,"s":[{"i":[[-7.12,6.665],[0,0],[-5.52,-11.005],[7.12,-6.665],[0,0],[5.52,11.005]],"o":[[0,0],[11.36,-5.27],[4.24,8.602],[0,0],[-11.36,5.27],[-4.24,-8.602]],"v":[[-188.394,-27.86],[-188.394,-27.86],[-157.834,-17.475],[-162.634,8.1],[-162.634,8.1],[-193.194,-2.285]],"c":true}]},{"i":{"x":0.833,"y":0.833},"o":{"x":0.333,"y":0},"t":35,"s":[{"i":[[-7.12,6.665],[0,0],[-5.52,-11.005],[7.12,-6.665],[0,0],[5.52,11.005]],"o":[[0,0],[11.36,-5.27],[4.24,8.602],[0,0],[-11.36,5.27],[-4.24,-8.602]],"v":[[-188.394,-27.86],[-188.394,-27.86],[-157.834,-17.475],[-162.634,8.1],[-162.634,8.1],[-193.194,-2.285]],"c":true}]},{"t":45,"s":[{"i":[[-7.12,6.665],[0,0],[-5.52,-11.005],[7.12,-6.665],[0,0],[5.52,11.005]],"o":[[0,0],[11.36,-5.27],[4.24,8.602],[0,0],[-11.36,5.27],[-4.24,-8.602]],"v":[[-155.394,-6.86],[-155.394,-6.86],[-124.834,3.525],[-129.634,29.1],[-129.634,29.1],[-160.194,18.715]],"c":true}]}],"ix":2},"nm":"Path 1","mn":"ADBE Vector Shape - Group","hd":false},{"ty":"fl","c":{"a":0,"k":[0.536999990426,0.375999989229,0.141000007181,1],"ix":4},"o":{"a":0,"k":100,"ix":5},"r":1,"bm":0,"nm":"Fill 1","mn":"ADBE Vector Graphic - Fill","hd":false},{"ty":"tr","p":{"a":0,"k":[6.3,6.55],"ix":2},"a":{"a":0,"k":[0,0],"ix":1},"s":{"a":0,"k":[100,100],"ix":3},"r":{"a":0,"k":0,"ix":6},"o":{"a":0,"k":100,"ix":7},"sk":{"a":0,"k":0,"ix":4},"sa":{"a":0,"k":0,"ix":5},"nm":"Transform"}],"nm":"Group 3","np":2,"cix":2,"bm":0,"ix":4,"mn":"ADBE Vector Group","hd":false},{"ty":"gr","it":[{"ind":0,"ty":"sh","ix":1,"ks":{"a":1,"k":[{"i":{"x":0,"y":1},"o":{"x":0.167,"y":0.167},"t":2.5,"s":[{"i":[[4.4,-8.32],[-14.53,3.127],[-18.969,-3.682],[0,0],[-3.04,8.56],[8.56,3.04],[48.4,-12.64]],"o":[[-3.625,6.6],[42.572,-9.162],[0,0],[8.56,3.04],[3.04,-8.56],[-47.36,-16.24],[-8.96,3.04]],"v":[[-288.293,-37.164],[-270.388,-15.584],[-131.413,-18.364],[-131.413,-18.364],[-110.453,-28.444],[-120.533,-49.404],[-267.413,-54.924]],"c":true}]},{"i":{"x":0.667,"y":1},"o":{"x":0.333,"y":0},"t":27.5,"s":[{"i":[[3.79,-8.615],[-14.267,4.164],[-18.356,-6.035],[0,0],[-4.091,8.11],[8.11,4.091],[47.365,-16.088]],"o":[[-3.141,6.844],[41.803,-12.2],[0,0],[8.11,4.091],[4.091,-8.11],[-44.946,-22.059],[-8.718,3.677]],"v":[[-288.483,-35.991],[-269.072,-15.755],[-133.622,-19.489],[-133.622,-19.489],[-111.562,-26.857],[-118.93,-48.916],[-268.934,-55.207]],"c":true}]},{"i":{"x":0.833,"y":0.833},"o":{"x":0.333,"y":0},"t":35,"s":[{"i":[[5.795,-7.416],[-14.853,0.521],[-19.321,0.278],[0,0],[-1.224,9.001],[9.001,1.224],[49.869,-3.925]],"o":[[-4.73,5.859],[43.52,-1.526],[0,0],[9.001,1.224],[1.224,-9.001],[-49.681,-6.204],[-9.355,1.416]],"v":[[-287.636,-39.234],[-273.809,-14.84],[-129.112,-18.058],[-129.112,-18.058],[-110.659,-32.214],[-124.815,-50.668],[-263.957,-53.042]],"c":true}]},{"t":45,"s":[{"i":[[4.4,-8.32],[-14.53,3.127],[-18.969,-3.682],[0,0],[-3.04,8.56],[8.56,3.04],[48.4,-12.64]],"o":[[-3.625,6.6],[42.572,-9.162],[0,0],[8.56,3.04],[3.04,-8.56],[-47.36,-16.24],[-8.96,3.04]],"v":[[-288.293,-27.164],[-270.388,-5.584],[-131.413,-8.364],[-131.413,-8.364],[-110.453,-18.444],[-120.533,-39.404],[-267.413,-44.924]],"c":true}]}],"ix":2},"nm":"Path 1","mn":"ADBE Vector Shape - Group","hd":false},{"ty":"fl","c":{"a":0,"k":[0.258999992819,0.169000004787,0.051000000449,1],"ix":4},"o":{"a":0,"k":100,"ix":5},"r":1,"bm":0,"nm":"Fill 1","mn":"ADBE Vector Graphic - Fill","hd":false},{"ty":"tr","p":{"a":0,"k":[8.25,9.65],"ix":2},"a":{"a":0,"k":[0,0],"ix":1},"s":{"a":0,"k":[100,100],"ix":3},"r":{"a":0,"k":0,"ix":6},"o":{"a":0,"k":100,"ix":7},"sk":{"a":0,"k":0,"ix":4},"sa":{"a":0,"k":0,"ix":5},"nm":"Transform"}],"nm":"Group 5","np":2,"cix":2,"bm":0,"ix":5,"mn":"ADBE Vector Group","hd":false},{"ty":"gr","it":[{"ind":0,"ty":"sh","ix":1,"ks":{"a":1,"k":[{"i":{"x":0,"y":1},"o":{"x":0.167,"y":0.167},"t":2.5,"s":[{"i":[[0,-30.082],[-30.082,0],[0,30.082],[30.082,0]],"o":[[0,30.082],[30.082,0],[0,-30.082],[-30.082,0]],"v":[[-223.009,3.796],[-168.541,58.264],[-114.073,3.796],[-168.541,-50.672]],"c":true}]},{"i":{"x":0.667,"y":1},"o":{"x":0.333,"y":0},"t":27.5,"s":[{"i":[[0,-30.082],[-30.082,0],[0,30.082],[30.082,0]],"o":[[0,30.082],[30.082,0],[0,-30.082],[-30.082,0]],"v":[[-253.009,-6.204],[-198.541,48.264],[-144.073,-6.204],[-198.541,-50.672]],"c":true}]},{"i":{"x":0.833,"y":0.833},"o":{"x":0.333,"y":0},"t":35,"s":[{"i":[[0,-30.082],[-30.082,0],[0,30.082],[30.082,0]],"o":[[0,30.082],[30.082,0],[0,-30.082],[-30.082,0]],"v":[[-253.009,-6.204],[-198.541,48.264],[-144.073,-6.204],[-198.541,-50.672]],"c":true}]},{"t":45,"s":[{"i":[[0,-30.082],[-30.082,0],[0,30.082],[30.082,0]],"o":[[0,30.082],[30.082,0],[0,-30.082],[-30.082,0]],"v":[[-221.009,3.796],[-166.541,58.264],[-112.073,3.796],[-166.541,-45.672]],"c":true}]}],"ix":2},"nm":"Path 1","mn":"ADBE Vector Shape - Group","hd":false},{"ty":"fl","c":{"a":0,"k":[0.258999992819,0.169000004787,0.051000000449,1],"ix":4},"o":{"a":0,"k":100,"ix":5},"r":1,"bm":0,"nm":"Fill 1","mn":"ADBE Vector Graphic - Fill","hd":false},{"ty":"tr","p":{"a":0,"k":[8.25,9.65],"ix":2},"a":{"a":0,"k":[0,0],"ix":1},"s":{"a":0,"k":[100,100],"ix":3},"r":{"a":0,"k":0,"ix":6},"o":{"a":0,"k":100,"ix":7},"sk":{"a":0,"k":0,"ix":4},"sa":{"a":0,"k":0,"ix":5},"nm":"Transform"}],"nm":"Group 4","np":2,"cix":2,"bm":0,"ix":6,"mn":"ADBE Vector Group","hd":false}],"ip":5,"op":45,"st":0,"bm":0},{"ddd":0,"ind":5,"ty":4,"nm":"eyes","parent":2,"sr":1,"ks":{"o":{"a":1,"k":[{"t":0,"s":[100],"h":1},{"t":5,"s":[0],"h":1},{"t":45,"s":[100],"h":1}],"ix":11},"r":{"a":0,"k":0,"ix":10},"p":{"s":true,"x":{"a":0,"k":30.799,"ix":3},"y":{"a":1,"k":[{"i":{"x":[0],"y":[1]},"o":{"x":[0.167],"y":[0]},"t":0,"s":[-2.601]},{"t":45,"s":[-2.601]}],"ix":4}},"a":{"a":0,"k":[27.45,9.65,0],"ix":1,"l":2},"s":{"a":0,"k":[100,100,100],"ix":6,"l":2}},"ao":0,"shapes":[{"ty":"gr","it":[{"ind":0,"ty":"sh","ix":1,"ks":{"a":1,"k":[{"i":{"x":0.833,"y":0.833},"o":{"x":0.167,"y":0.167},"t":0,"s":[{"i":[[-7.04,6.8],[0,0],[-5.44,-11.44],[7.04,-6.8],[0,0],[5.44,11.44]],"o":[[0,0],[11.44,-5.36],[4.16,8.88],[0,0],[-11.44,5.36],[-4.16,-8.8]],"v":[[186.75,-22.95],[186.75,-22.95],[217.23,-11.99],[212.43,14.17],[212.43,14.17],[181.95,3.21]],"c":true}]},{"i":{"x":0,"y":1},"o":{"x":0.167,"y":0.167},"t":42.5,"s":[{"i":[[-7.04,6.8],[0,0],[-5.44,-11.44],[7.04,-6.8],[0,0],[5.44,11.44]],"o":[[0,0],[11.44,-5.36],[4.16,8.88],[0,0],[-11.44,5.36],[-4.16,-8.8]],"v":[[176.75,-22.95],[176.75,-22.95],[207.23,-11.99],[202.43,14.17],[202.43,14.17],[171.95,3.21]],"c":true}]},{"t":55,"s":[{"i":[[-7.04,6.8],[0,0],[-5.44,-11.44],[7.04,-6.8],[0,0],[5.44,11.44]],"o":[[0,0],[11.44,-5.36],[4.16,8.88],[0,0],[-11.44,5.36],[-4.16,-8.8]],"v":[[186.75,-22.95],[186.75,-22.95],[217.23,-11.99],[212.43,14.17],[212.43,14.17],[181.95,3.21]],"c":true}]}],"ix":2},"nm":"Path 1","mn":"ADBE Vector Shape - Group","hd":false},{"ty":"fl","c":{"a":0,"k":[0.536999990426,0.375999989229,0.141000007181,1],"ix":4},"o":{"a":0,"k":100,"ix":5},"r":1,"bm":0,"nm":"Fill 1","mn":"ADBE Vector Graphic - Fill","hd":false},{"ty":"tr","p":{"a":0,"k":[44.65,6.55],"ix":2},"a":{"a":0,"k":[0,0],"ix":1},"s":{"a":0,"k":[100,100],"ix":3},"r":{"a":0,"k":0,"ix":6},"o":{"a":0,"k":100,"ix":7},"sk":{"a":0,"k":0,"ix":4},"sa":{"a":0,"k":0,"ix":5},"nm":"Transform"}],"nm":"Group 1","np":2,"cix":2,"bm":0,"ix":1,"mn":"ADBE Vector Group","hd":false},{"ty":"gr","it":[{"ind":0,"ty":"sh","ix":1,"ks":{"a":1,"k":[{"i":{"x":0.833,"y":0.833},"o":{"x":0.167,"y":0.167},"t":0,"s":[{"i":[[8.96,3.04],[47.36,-16.24],[-3.04,-8.56],[-8.56,3.04],[0,0],[-19.2,-1.52],[0,0],[-27.92,0],[-9.92,10.4],[11.6,21.12]],"o":[[-48.4,-12.64],[-8.56,3.04],[3.04,8.56],[0,0],[18.96,-3.68],[0,0.48],[0,39.12],[14.4,-0.16],[16.4,-17.68],[-4.4,-8.32]],"v":[[208.27,-53.01],[61.39,-47.49],[51.31,-26.53],[72.27,-16.45],[72.27,-16.45],[129.79,-19.65],[129.79,-16.53],[183.15,46.27],[221.15,29.79],[229.15,-35.25]],"c":true}]},{"i":{"x":0,"y":1},"o":{"x":0.167,"y":0.167},"t":42.5,"s":[{"i":[[8.96,3.04],[47.36,-16.24],[-3.04,-8.56],[-8.56,3.04],[0,0],[-19.2,-1.52],[0,0],[-27.92,0],[-9.92,10.4],[7.81,23.851]],"o":[[-48.4,-12.64],[-8.56,3.04],[3.04,8.56],[0,0],[18.96,-3.68],[0,0.48],[0,39.12],[14.4,-0.16],[16.4,-17.68],[-4.4,-8.32]],"v":[[208.27,-53.01],[61.39,-47.49],[51.31,-26.53],[72.27,-16.45],[72.27,-16.45],[119.79,-19.65],[119.79,-16.53],[173.15,46.27],[211.15,29.79],[224.15,-35.75]],"c":true}]},{"t":55,"s":[{"i":[[8.96,3.04],[47.36,-16.24],[-3.04,-8.56],[-8.56,3.04],[0,0],[-19.2,-1.52],[0,0],[-27.92,0],[-9.92,10.4],[11.6,21.12]],"o":[[-48.4,-12.64],[-8.56,3.04],[3.04,8.56],[0,0],[18.96,-3.68],[0,0.48],[0,39.12],[14.4,-0.16],[16.4,-17.68],[-4.4,-8.32]],"v":[[208.27,-53.01],[61.39,-47.49],[51.31,-26.53],[72.27,-16.45],[72.27,-16.45],[129.79,-19.65],[129.79,-16.53],[183.15,46.27],[221.15,29.79],[229.15,-35.25]],"c":true}]}],"ix":2},"nm":"Path 1","mn":"ADBE Vector Shape - Group","hd":false},{"ty":"fl","c":{"a":0,"k":[0.258999992819,0.169000004787,0.051000000449,1],"ix":4},"o":{"a":0,"k":100,"ix":5},"r":1,"bm":0,"nm":"Fill 1","mn":"ADBE Vector Graphic - Fill","hd":false},{"ty":"tr","p":{"a":0,"k":[46.65,9.65],"ix":2},"a":{"a":0,"k":[0,0],"ix":1},"s":{"a":0,"k":[100,100],"ix":3},"r":{"a":0,"k":0,"ix":6},"o":{"a":0,"k":100,"ix":7},"sk":{"a":0,"k":0,"ix":4},"sa":{"a":0,"k":0,"ix":5},"nm":"Transform"}],"nm":"Group 2","np":2,"cix":2,"bm":0,"ix":2,"mn":"ADBE Vector Group","hd":false},{"ty":"gr","it":[{"ind":0,"ty":"sh","ix":1,"ks":{"a":1,"k":[{"i":{"x":0.833,"y":0.833},"o":{"x":0.167,"y":0.167},"t":0,"s":[{"i":[[-7.12,6.88],[0,0],[-5.52,-11.36],[7.12,-6.88],[0,0],[5.52,11.36]],"o":[[0,0],[11.36,-5.44],[4.24,8.88],[0,0],[-11.36,5.44],[-4.24,-8.88]],"v":[[-158.9,-22.95],[-158.9,-22.95],[-128.34,-12.23],[-133.14,14.17],[-133.14,14.17],[-163.7,3.45]],"c":true}]},{"i":{"x":0,"y":1},"o":{"x":0.167,"y":0.167},"t":42.5,"s":[{"i":[[-7.12,6.88],[0,0],[-5.52,-11.36],[7.12,-6.88],[0,0],[5.52,11.36]],"o":[[0,0],[11.36,-5.44],[4.24,8.88],[0,0],[-11.36,5.44],[-4.24,-8.88]],"v":[[-168.9,-22.95],[-168.9,-22.95],[-138.34,-12.23],[-143.14,14.17],[-143.14,14.17],[-173.7,3.45]],"c":true}]},{"t":55,"s":[{"i":[[-7.12,6.88],[0,0],[-5.52,-11.36],[7.12,-6.88],[0,0],[5.52,11.36]],"o":[[0,0],[11.36,-5.44],[4.24,8.88],[0,0],[-11.36,5.44],[-4.24,-8.88]],"v":[[-158.9,-22.95],[-158.9,-22.95],[-128.34,-12.23],[-133.14,14.17],[-133.14,14.17],[-163.7,3.45]],"c":true}]}],"ix":2},"nm":"Path 1","mn":"ADBE Vector Shape - Group","hd":false},{"ty":"fl","c":{"a":0,"k":[0.536999990426,0.375999989229,0.141000007181,1],"ix":4},"o":{"a":0,"k":100,"ix":5},"r":1,"bm":0,"nm":"Fill 1","mn":"ADBE Vector Graphic - Fill","hd":false},{"ty":"tr","p":{"a":0,"k":[6.3,6.55],"ix":2},"a":{"a":0,"k":[0,0],"ix":1},"s":{"a":0,"k":[100,100],"ix":3},"r":{"a":0,"k":0,"ix":6},"o":{"a":0,"k":100,"ix":7},"sk":{"a":0,"k":0,"ix":4},"sa":{"a":0,"k":0,"ix":5},"nm":"Transform"}],"nm":"Group 3","np":2,"cix":2,"bm":0,"ix":3,"mn":"ADBE Vector Group","hd":false},{"ty":"gr","it":[{"ind":0,"ty":"sh","ix":1,"ks":{"a":1,"k":[{"i":{"x":0.833,"y":0.833},"o":{"x":0.167,"y":0.167},"t":0,"s":[{"i":[[8.88,2.96],[47.36,-16.24],[-3.28,-8.48],[-8.16,2.24],[-19.28,-1.52],[0,0],[-28,0],[-9.92,10.4],[11.68,21.28]],"o":[[-48.4,-12.64],[-8.48,3.28],[3.04,7.92],[18.96,-3.68],[0,0.48],[0,39.12],[14.32,-0.16],[16.64,-17.68],[-4.4,-8.24]],"v":[[-136.05,-53.01],[-282.93,-47.49],[-292.37,-26.29],[-272.69,-16.37],[-215.09,-19.57],[-215.09,-16.45],[-161.73,46.35],[-123.81,29.87],[-115.41,-35.49]],"c":true}]},{"i":{"x":0,"y":1},"o":{"x":0.167,"y":0.167},"t":42.5,"s":[{"i":[[8.88,2.96],[47.36,-16.24],[-3.28,-8.48],[-8.16,2.24],[-19.28,-1.52],[0,0],[-28,0],[-9.92,10.4],[5.27,20.091]],"o":[[-48.4,-12.64],[-8.48,3.28],[3.04,7.92],[18.96,-3.68],[0,0.48],[0,39.12],[14.32,-0.16],[16.64,-17.68],[-4.4,-8.24]],"v":[[-136.05,-53.01],[-282.93,-47.49],[-292.37,-26.29],[-272.69,-16.37],[-225.09,-19.57],[-225.09,-16.45],[-171.73,46.35],[-133.81,29.87],[-120.91,-33.49]],"c":true}]},{"t":55,"s":[{"i":[[8.88,2.96],[47.36,-16.24],[-3.28,-8.48],[-8.16,2.24],[-19.28,-1.52],[0,0],[-28,0],[-9.92,10.4],[11.68,21.28]],"o":[[-48.4,-12.64],[-8.48,3.28],[3.04,7.92],[18.96,-3.68],[0,0.48],[0,39.12],[14.32,-0.16],[16.64,-17.68],[-4.4,-8.24]],"v":[[-136.05,-53.01],[-282.93,-47.49],[-292.37,-26.29],[-272.69,-16.37],[-215.09,-19.57],[-215.09,-16.45],[-161.73,46.35],[-123.81,29.87],[-115.41,-35.49]],"c":true}]}],"ix":2},"nm":"Path 1","mn":"ADBE Vector Shape - Group","hd":false},{"ty":"fl","c":{"a":0,"k":[0.258999992819,0.169000004787,0.051000000449,1],"ix":4},"o":{"a":0,"k":100,"ix":5},"r":1,"bm":0,"nm":"Fill 1","mn":"ADBE Vector Graphic - Fill","hd":false},{"ty":"tr","p":{"a":0,"k":[8.25,9.65],"ix":2},"a":{"a":0,"k":[0,0],"ix":1},"s":{"a":0,"k":[100,100],"ix":3},"r":{"a":0,"k":0,"ix":6},"o":{"a":0,"k":100,"ix":7},"sk":{"a":0,"k":0,"ix":4},"sa":{"a":0,"k":0,"ix":5},"nm":"Transform"}],"nm":"Group 4","np":2,"cix":2,"bm":0,"ix":4,"mn":"ADBE Vector Group","hd":false}],"ip":0,"op":192.5,"st":0,"bm":0},{"ddd":0,"ind":6,"ty":4,"nm":"mouth ","parent":2,"sr":1,"ks":{"o":{"a":0,"k":100,"ix":11},"r":{"a":0,"k":0,"ix":10},"p":{"s":true,"x":{"a":1,"k":[{"i":{"x":[0.667],"y":[1]},"o":{"x":[0.167],"y":[0]},"t":0,"s":[0]},{"t":37.5,"s":[0]}],"ix":3},"y":{"a":1,"k":[{"i":{"x":[0.667],"y":[1]},"o":{"x":[0.167],"y":[0]},"t":0,"s":[213.778]},{"t":37.5,"s":[213.778]}],"ix":4}},"a":{"a":0,"k":[0,-0.078,0],"ix":1,"l":2},"s":{"a":0,"k":[100,100,100],"ix":6,"l":2}},"ao":0,"shapes":[{"ty":"gr","it":[{"ind":0,"ty":"sh","ix":1,"ks":{"a":1,"k":[{"i":{"x":0,"y":1},"o":{"x":0.167,"y":0.167},"t":0,"s":[{"i":[[83.84,0],[17.84,-27.92],[-4.48,-10.32],[-7.36,0.16],[-2.56,0.8],[-60.72,0],[-42.24,-13.52],[-2.72,0],[-3.44,6.56],[6.8,9.04]],"o":[[-83.92,0],[-6.8,9.04],[3.44,6.56],[2.72,-0.08],[42.24,-13.52],[60.72,0],[2.56,0.88],[7.36,0.16],[4.48,-10.32],[-18.08,-27.92]],"v":[[-22,-72.08],[-183.84,6.16],[-187.52,37.44],[-169.92,47.92],[-161.92,46.64],[-22,13.52],[117.92,46.64],[125.92,47.92],[143.52,37.44],[139.84,6.16]],"c":true}]},{"i":{"x":0,"y":1},"o":{"x":1,"y":0},"t":17.5,"s":[{"i":[[83.84,0],[17.84,-32.005],[-4.48,-11.83],[-7.36,0.051],[-2.56,0.256],[-60.72,0],[-42.24,-4.323],[-2.72,0],[-3.44,7.52],[6.8,10.363]],"o":[[-83.92,0],[-6.8,10.363],[3.44,7.52],[2.72,-0.026],[42.24,-4.323],[60.72,0],[2.56,0.281],[7.36,0.051],[4.48,-11.83],[-18.08,-32.005]],"v":[[-22.001,-81.708],[-183.84,7.98],[-187.52,43.837],[-169.92,57.657],[-161.92,57.248],[-22.001,46.658],[117.92,57.248],[125.92,57.657],[143.52,43.837],[139.839,7.98]],"c":true}]},{"i":{"x":0.667,"y":1},"o":{"x":1,"y":0},"t":30,"s":[{"i":[[83.84,0],[17.84,-32.005],[-4.48,-11.83],[-7.36,0.051],[-2.56,0.256],[-60.72,0],[-42.24,-4.323],[-2.72,0],[-3.44,7.52],[6.8,10.363]],"o":[[-83.92,0],[-6.8,10.363],[3.44,7.52],[2.72,-0.026],[42.24,-4.323],[60.72,0],[2.56,0.281],[7.36,0.051],[4.48,-11.83],[-18.08,-32.005]],"v":[[-22,-81.709],[-183.84,7.98],[-187.52,43.837],[-169.92,57.657],[-161.92,57.248],[-22,46.658],[117.92,57.248],[125.92,57.657],[143.52,43.837],[139.839,7.98]],"c":true}]},{"t":37.5,"s":[{"i":[[83.84,0],[17.84,-27.92],[-4.48,-10.32],[-7.36,0.16],[-2.56,0.8],[-60.72,0],[-42.24,-13.52],[-2.72,0],[-3.44,6.56],[6.8,9.04]],"o":[[-83.92,0],[-6.8,9.04],[3.44,6.56],[2.72,-0.08],[42.24,-13.52],[60.72,0],[2.56,0.88],[7.36,0.16],[4.48,-10.32],[-18.08,-27.92]],"v":[[-22,-72.08],[-183.84,6.16],[-187.52,37.44],[-169.92,47.92],[-161.92,46.64],[-22,13.52],[117.92,46.64],[125.92,47.92],[143.52,37.44],[139.84,6.16]],"c":true}]}],"ix":2},"nm":"Path 1","mn":"ADBE Vector Shape - Group","hd":false},{"ty":"fl","c":{"a":0,"k":[0.258999992819,0.169000004787,0.051000000449,1],"ix":4},"o":{"a":0,"k":100,"ix":5},"r":1,"bm":0,"nm":"Fill 1","mn":"ADBE Vector Graphic - Fill","hd":false},{"ty":"tr","p":{"a":0,"k":[22,12],"ix":2},"a":{"a":0,"k":[0,0],"ix":1},"s":{"a":0,"k":[100,100],"ix":3},"r":{"a":0,"k":0,"ix":6},"o":{"a":0,"k":100,"ix":7},"sk":{"a":0,"k":0,"ix":4},"sa":{"a":0,"k":0,"ix":5},"nm":"Transform"}],"nm":"Group 1","np":2,"cix":2,"bm":0,"ix":1,"mn":"ADBE Vector Group","hd":false}],"ip":0,"op":192.5,"st":0,"bm":0},{"ddd":0,"ind":7,"ty":4,"nm":"base matte","parent":9,"td":1,"sr":1,"ks":{"o":{"a":0,"k":100,"ix":11},"r":{"a":0,"k":0,"ix":10},"p":{"a":0,"k":[-2,-3,0],"ix":2,"l":2},"a":{"a":0,"k":[0,0,0],"ix":1,"l":2},"s":{"a":0,"k":[100,100,100],"ix":6,"l":2}},"ao":0,"shapes":[{"ty":"gr","it":[{"ind":0,"ty":"sh","ix":1,"ks":{"a":0,"k":{"i":[[15.4,0],[0,38.4],[-27.9,0],[-10.6,-9.3],[0,-16.9],[11.5,-10.2]],"o":[[-27.9,0],[0,-38.4],[15.5,0],[11.5,10.2],[0,16.9],[-10.6,9.3]],"v":[[0,55.9],[-58,0],[0,-55.9],[40.4,-41.5],[58,0],[40.4,41.4]],"c":true},"ix":2},"nm":"Path 1","mn":"ADBE Vector Shape - Group","hd":false},{"ty":"gf","o":{"a":0,"k":100,"ix":10},"r":1,"bm":0,"g":{"p":5,"k":{"a":0,"k":[0.48,0.992,0.878,0.188,0.691,0.98,0.816,0.178,0.902,0.969,0.753,0.169,0.966,0.963,0.694,0.153,1,0.957,0.635,0.137],"ix":9}},"s":{"a":0,"k":[0,0],"ix":5},"e":{"a":0,"k":[56.225,0],"ix":6},"t":2,"h":{"a":0,"k":0,"ix":7},"a":{"a":0,"k":0,"ix":8},"nm":"Gradient Fill 1","mn":"ADBE Vector Graphic - G-Fill","hd":false},{"ty":"tr","p":{"a":0,"k":[0,0],"ix":2},"a":{"a":0,"k":[0,0],"ix":1},"s":{"a":0,"k":[100,100],"ix":3},"r":{"a":0,"k":0,"ix":6},"o":{"a":0,"k":100,"ix":7},"sk":{"a":0,"k":0,"ix":4},"sa":{"a":0,"k":0,"ix":5},"nm":"Transform"}],"nm":"Group 1","np":2,"cix":2,"bm":0,"ix":1,"mn":"ADBE Vector Group","hd":false}],"ip":0,"op":192.5,"st":0,"bm":0},{"ddd":0,"ind":8,"ty":4,"nm":"base shadow","parent":9,"tt":2,"sr":1,"ks":{"o":{"a":0,"k":100,"ix":11},"r":{"a":0,"k":0,"ix":10},"p":{"a":0,"k":[0,0,0],"ix":2,"l":2},"a":{"a":0,"k":[0,0,0],"ix":1,"l":2},"s":{"a":0,"k":[100,100,100],"ix":6,"l":2}},"ao":0,"shapes":[{"ty":"gr","it":[{"ind":0,"ty":"sh","ix":1,"ks":{"a":0,"k":{"i":[[15.4,0],[0,38.4],[-27.9,0],[-10.6,-9.3],[0,-16.9],[11.5,-10.2]],"o":[[-27.9,0],[0,-38.4],[15.5,0],[11.5,10.2],[0,16.9],[-10.6,9.3]],"v":[[0,55.9],[-58,0],[0,-55.9],[40.4,-41.5],[58,0],[40.4,41.4]],"c":true},"ix":2},"nm":"Path 1","mn":"ADBE Vector Shape - Group","hd":false},{"ty":"fl","c":{"a":0,"k":[0.921568627451,0.560784313725,0,1],"ix":4},"o":{"a":0,"k":100,"ix":5},"r":1,"bm":0,"nm":"Fill 1","mn":"ADBE Vector Graphic - Fill","hd":false},{"ty":"tr","p":{"a":0,"k":[0,0],"ix":2},"a":{"a":0,"k":[0,0],"ix":1},"s":{"a":0,"k":[100,100],"ix":3},"r":{"a":0,"k":0,"ix":6},"o":{"a":0,"k":100,"ix":7},"sk":{"a":0,"k":0,"ix":4},"sa":{"a":0,"k":0,"ix":5},"nm":"Transform"}],"nm":"Group 1","np":2,"cix":2,"bm":0,"ix":1,"mn":"ADBE Vector Group","hd":false}],"ip":0,"op":192.5,"st":0,"bm":0},{"ddd":0,"ind":9,"ty":4,"nm":"base normal","parent":1,"sr":1,"ks":{"o":{"a":0,"k":100,"ix":11},"r":{"a":0,"k":0,"ix":10},"p":{"a":0,"k":[0,0,0],"ix":2,"l":2},"a":{"a":0,"k":[0,0,0],"ix":1,"l":2},"s":{"a":0,"k":[800,800,100],"ix":6,"l":2}},"ao":0,"shapes":[{"ty":"gr","it":[{"ind":0,"ty":"sh","ix":1,"ks":{"a":0,"k":{"i":[[15.4,0],[0,38.4],[-27.9,0],[-10.6,-9.3],[0,-16.9],[11.5,-10.2]],"o":[[-27.9,0],[0,-38.4],[15.5,0],[11.5,10.2],[0,16.9],[-10.6,9.3]],"v":[[0,55.9],[-58,0],[0,-55.9],[40.4,-41.5],[58,0],[40.4,41.4]],"c":true},"ix":2},"nm":"Path 1","mn":"ADBE Vector Shape - Group","hd":false},{"ty":"gf","o":{"a":0,"k":100,"ix":10},"r":1,"bm":0,"g":{"p":5,"k":{"a":0,"k":[0.48,0.992,0.878,0.188,0.691,0.98,0.816,0.178,0.902,0.969,0.753,0.169,0.966,0.963,0.694,0.153,1,0.957,0.635,0.137],"ix":9}},"s":{"a":0,"k":[0,0],"ix":5},"e":{"a":0,"k":[56.225,0],"ix":6},"t":2,"h":{"a":0,"k":0,"ix":7},"a":{"a":0,"k":0,"ix":8},"nm":"Gradient Fill 1","mn":"ADBE Vector Graphic - G-Fill","hd":false},{"ty":"tr","p":{"a":0,"k":[0,0],"ix":2},"a":{"a":0,"k":[0,0],"ix":1},"s":{"a":0,"k":[100,100],"ix":3},"r":{"a":0,"k":0,"ix":6},"o":{"a":0,"k":100,"ix":7},"sk":{"a":0,"k":0,"ix":4},"sa":{"a":0,"k":0,"ix":5},"nm":"Transform"}],"nm":"Group 1","np":2,"cix":2,"bm":0,"ix":1,"mn":"ADBE Vector Group","hd":false}],"ip":0,"op":192.5,"st":0,"bm":0}],"markers":[{"tm":164,"cm":"rest","dr":0}]}