{
  "v": "5.8.1",
  "fr": 60,
  "ip": 0,
  "op": 110,
  "w": 800,
  "h": 800,
  "nm": "emoji_u2764",
  "ddd": 0,
  "assets": [],
  "layers": [
    {
      "ddd": 0,
      "ind": 1,
      "ty": 4,
      "nm": "Heart",
      "sr": 1,
      "ks": {
        "o": { "a": 0, "k": 100, "ix": 11 },
        "r": { "a": 0, "k": 0, "ix": 10 },
        "p": {
          "a": 1,
          "k": [
            {
              "i": { "x": 0.833, "y": 0.833 },
              "o": { "x": 0.167, "y": 0.167 },
              "t": 0,
              "s": [391, 400, 0],
              "to": [0, 0, 0],
              "ti": [0, 0, 0]
            },
            {
              "i": { "x": 0.833, "y": 0.833 },
              "o": { "x": 0.167, "y": 0.167 },
              "t": 75,
              "s": [391, 362, 0],
              "to": [0, 0, 0],
              "ti": [0, 0, 0]
            },
            { "t": 110, "s": [391, 400, 0] }
          ],
          "ix": 2,
          "l": 2
        },
        "a": { "a": 0, "k": [0, 0, 0], "ix": 1, "l": 2 },
        "s": {
          "a": 1,
          "k": [
            {
              "i": { "x": [0.328, 0.328, 0.667], "y": [0.578, -40.104, 0.8] },
              "o": { "x": [0.26, 0.26, 0.333], "y": [0, 0, 0] },
              "t": 0,
              "s": [100, 100, 100]
            },
            {
              "i": { "x": [0.541, 0.541, 0.667], "y": [1, 1, 1] },
              "o": { "x": [0.225, 0.225, 0.333], "y": [0.481, 0.11, 0.2] },
              "t": 14,
              "s": [113.135, 100.135, 100]
            },
            {
              "i": { "x": [0.764, 0.764, 0.667], "y": [0.538, -0.129, 0.912] },
              "o": { "x": [0.446, 0.446, 0.333], "y": [0, 0, 0] },
              "t": 28,
              "s": [117, 117, 100]
            },
            {
              "i": { "x": [0.675, 0.675, 0.667], "y": [1, 1, 1] },
              "o": { "x": [0.597, 0.597, 0.333], "y": [0.586, 0.289, 0.081] },
              "t": 41,
              "s": [108.543, 113.543, 100]
            },
            {
              "i": { "x": [0.168, 0.168, 0.667], "y": [1, 1, 1] },
              "o": { "x": [0.152, 0.152, 0.333], "y": [0, 0, 0] },
              "t": 53,
              "s": [93, 82, 100]
            },
            {
              "i": { "x": [0.667, 0.667, 0.667], "y": [1, 1, 1] },
              "o": { "x": [0.747, 0.747, 0.167], "y": [0, 0, 0] },
              "t": 75,
              "s": [112, 112, 100]
            },
            {
              "i": { "x": [0.667, 0.667, 0.667], "y": [1, 1, 1] },
              "o": { "x": [0.167, 0.167, 0.167], "y": [0, 0, 0] },
              "t": 90,
              "s": [98, 90, 100]
            },
            { "t": 110, "s": [100, 100, 100] }
          ],
          "ix": 6,
          "l": 2
        }
      },
      "ao": 0,
      "shapes": [
        {
          "ty": "gr",
          "it": [
            {
              "ind": 0,
              "ty": "sh",
              "ix": 1,
              "ks": {
                "a": 1,
                "k": [
                  {
                    "i": { "x": 0.667, "y": 1 },
                    "o": { "x": 0.333, "y": 0 },
                    "t": 0,
                    "s": [
                      {
                        "i": [
                          [17, -10],
                          [9, -27.5],
                          [-10.5, 0],
                          [-29.824, 17.692],
                          [7.075, 12.184]
                        ],
                        "o": [
                          [-21.449, 12.617],
                          [-9, 27.5],
                          [8.5, 0],
                          [29.5, -17.5],
                          [-9, -15.5]
                        ],
                        "v": [
                          [116.5, -215],
                          [73, -158],
                          [90.5, -131],
                          [143.5, -150.5],
                          [165, -207.5]
                        ],
                        "c": true
                      }
                    ]
                  },
                  {
                    "i": { "x": 0.667, "y": 1 },
                    "o": { "x": 0.333, "y": 0 },
                    "t": 28,
                    "s": [
                      {
                        "i": [
                          [12.598, -7.411],
                          [6.67, -20.379],
                          [-7.781, 0],
                          [-22.101, 13.111],
                          [5.243, 9.029]
                        ],
                        "o": [
                          [-15.895, 9.35],
                          [-6.67, 20.379],
                          [6.299, 0],
                          [21.861, -12.968],
                          [-6.67, -11.486]
                        ],
                        "v": [
                          [105.052, -234.414],
                          [72.816, -192.174],
                          [85.785, -174.73],
                          [122.497, -190.89],
                          [140.993, -228.856]
                        ],
                        "c": true
                      }
                    ]
                  },
                  {
                    "t": 53,
                    "s": [
                      {
                        "i": [
                          [17, -10],
                          [9, -27.5],
                          [-10.5, 0],
                          [-29.824, 17.692],
                          [7.075, 12.184]
                        ],
                        "o": [
                          [-21.449, 12.617],
                          [-9, 27.5],
                          [8.5, 0],
                          [29.5, -17.5],
                          [-9, -15.5]
                        ],
                        "v": [
                          [116.5, -215],
                          [73, -158],
                          [90.5, -131],
                          [143.5, -150.5],
                          [165, -207.5]
                        ],
                        "c": true
                      }
                    ]
                  }
                ],
                "ix": 2
              },
              "nm": "Path 1",
              "mn": "ADBE Vector Shape - Group",
              "hd": false
            },
            {
              "ty": "fl",
              "c": {
                "a": 0,
                "k": [1, 0.541176470588, 0.501960784314, 1],
                "ix": 4
              },
              "o": { "a": 0, "k": 100, "ix": 5 },
              "r": 1,
              "bm": 0,
              "nm": "Fill 1",
              "mn": "ADBE Vector Graphic - Fill",
              "hd": false
            },
            {
              "ty": "tr",
              "p": { "a": 0, "k": [0, 0], "ix": 2 },
              "a": { "a": 0, "k": [0, 0], "ix": 1 },
              "s": { "a": 0, "k": [100, 100], "ix": 3 },
              "r": { "a": 0, "k": 0, "ix": 6 },
              "o": { "a": 0, "k": 100, "ix": 7 },
              "sk": { "a": 0, "k": 0, "ix": 4 },
              "sa": { "a": 0, "k": 0, "ix": 5 },
              "nm": "Transform"
            }
          ],
          "nm": "Hilit 02",
          "np": 2,
          "cix": 2,
          "bm": 0,
          "ix": 1,
          "mn": "ADBE Vector Group",
          "hd": false
        },
        {
          "ty": "gr",
          "it": [
            {
              "ind": 0,
              "ty": "sh",
              "ix": 1,
              "ks": {
                "a": 1,
                "k": [
                  {
                    "i": { "x": 0.667, "y": 1 },
                    "o": { "x": 0.333, "y": 0 },
                    "t": 0,
                    "s": [
                      {
                        "i": [
                          [45, -33],
                          [0, 0],
                          [-5.174, 0.69],
                          [-0.5, 11],
                          [-37.5, 19],
                          [4.5, 8.5]
                        ],
                        "o": [
                          [-69, 58],
                          [0, 0],
                          [7.5, -1],
                          [0.5, -11],
                          [47.924, -24.281],
                          [-4.5, -8.5]
                        ],
                        "v": [
                          [-233, -201.5],
                          [-257, -57],
                          [-243.5, -43],
                          [-238, -60.5],
                          [-189.5, -137],
                          [-157, -198.5]
                        ],
                        "c": true
                      }
                    ]
                  },
                  {
                    "i": { "x": 0.667, "y": 1 },
                    "o": { "x": 0.333, "y": 0 },
                    "t": 28,
                    "s": [
                      {
                        "i": [
                          [38.338, -18.019],
                          [0, 0],
                          [-3.955, -0.241],
                          [-4.354, 7.135],
                          [-29.303, 12.64],
                          [2.112, 6.989]
                        ],
                        "o": [
                          [-55.133, 33.626],
                          [0, 0],
                          [5.733, 0.349],
                          [5.06, -8.293],
                          [37.255, -16.07],
                          [-2.112, -6.989]
                        ],
                        "v": [
                          [-241.449, -225.507],
                          [-290.666, -128.196],
                          [-284.36, -115.37],
                          [-274.719, -127.604],
                          [-221.016, -177.092],
                          [-188.687, -217.312]
                        ],
                        "c": true
                      }
                    ]
                  },
                  {
                    "t": 53,
                    "s": [
                      {
                        "i": [
                          [45, -33],
                          [0, 0],
                          [-5.174, 0.69],
                          [-0.5, 11],
                          [-37.5, 19],
                          [4.5, 8.5]
                        ],
                        "o": [
                          [-69, 58],
                          [0, 0],
                          [7.5, -1],
                          [0.5, -11],
                          [47.924, -24.281],
                          [-4.5, -8.5]
                        ],
                        "v": [
                          [-233, -201.5],
                          [-257, -57],
                          [-243.5, -43],
                          [-238, -60.5],
                          [-189.5, -137],
                          [-157, -198.5]
                        ],
                        "c": true
                      }
                    ]
                  }
                ],
                "ix": 2
              },
              "nm": "Path 1",
              "mn": "ADBE Vector Shape - Group",
              "hd": false
            },
            {
              "ty": "fl",
              "c": {
                "a": 0,
                "k": [1, 0.541176470588, 0.501960784314, 1],
                "ix": 4
              },
              "o": { "a": 0, "k": 100, "ix": 5 },
              "r": 1,
              "bm": 0,
              "nm": "Fill 1",
              "mn": "ADBE Vector Graphic - Fill",
              "hd": false
            },
            {
              "ty": "tr",
              "p": { "a": 0, "k": [0, 0], "ix": 2 },
              "a": { "a": 0, "k": [0, 0], "ix": 1 },
              "s": { "a": 0, "k": [100, 100], "ix": 3 },
              "r": { "a": 0, "k": 0, "ix": 6 },
              "o": { "a": 0, "k": 100, "ix": 7 },
              "sk": { "a": 0, "k": 0, "ix": 4 },
              "sa": { "a": 0, "k": 0, "ix": 5 },
              "nm": "Transform"
            }
          ],
          "nm": "Hilit 01",
          "np": 2,
          "cix": 2,
          "bm": 0,
          "ix": 2,
          "mn": "ADBE Vector Group",
          "hd": false
        },
        {
          "ty": "gr",
          "it": [
            {
              "ind": 0,
              "ty": "sh",
              "ix": 1,
              "ks": {
                "a": 1,
                "k": [
                  {
                    "i": { "x": 0.667, "y": 1 },
                    "o": { "x": 0.333, "y": 0 },
                    "t": 0,
                    "s": [
                      {
                        "i": [
                          [77, -37],
                          [-6.833, -195.883],
                          [28, -45],
                          [-81, 167],
                          [33, 14.5]
                        ],
                        "o": [
                          [1, 1],
                          [6, 172],
                          [1, -2],
                          [81, -167],
                          [-25.343, -11.135]
                        ],
                        "v": [
                          [100, -256.5],
                          [290, -104],
                          [8, 336],
                          [311, 16],
                          [259.5, -252]
                        ],
                        "c": true
                      }
                    ]
                  },
                  {
                    "i": { "x": 0.667, "y": 1 },
                    "o": { "x": 0.333, "y": 0 },
                    "t": 28,
                    "s": [
                      {
                        "i": [
                          [72.834, -23.454],
                          [-6.915, -198.521],
                          [54.393, -44.444],
                          [-71.88, 164.479],
                          [33.394, 14.695]
                        ],
                        "o": [
                          [1.012, 1.013],
                          [6.072, 174.316],
                          [1.012, -2.027],
                          [75.304, -172.316],
                          [-25.645, -11.285]
                        ],
                        "v": [
                          [100.243, -278.682],
                          [310.458, -119.428],
                          [8, 324.786],
                          [313.76, 7.316],
                          [260.791, -262.583]
                        ],
                        "c": true
                      }
                    ]
                  },
                  {
                    "t": 53,
                    "s": [
                      {
                        "i": [
                          [77, -37],
                          [-6.833, -195.883],
                          [28, -45],
                          [-81, 167],
                          [33, 14.5]
                        ],
                        "o": [
                          [1, 1],
                          [6, 172],
                          [1, -2],
                          [81, -167],
                          [-25.343, -11.135]
                        ],
                        "v": [
                          [100, -256.5],
                          [290, -104],
                          [8, 336],
                          [311, 16],
                          [259.5, -252]
                        ],
                        "c": true
                      }
                    ]
                  }
                ],
                "ix": 2
              },
              "nm": "Path 1",
              "mn": "ADBE Vector Shape - Group",
              "hd": false
            },
            {
              "ty": "fl",
              "c": {
                "a": 0,
                "k": [0.800000059838, 0.196078446332, 0.20000001496, 1],
                "ix": 4
              },
              "o": { "a": 0, "k": 100, "ix": 5 },
              "r": 1,
              "bm": 0,
              "nm": "Fill 1",
              "mn": "ADBE Vector Graphic - Fill",
              "hd": false
            },
            {
              "ty": "tr",
              "p": { "a": 0, "k": [0, 0], "ix": 2 },
              "a": { "a": 0, "k": [0, 0], "ix": 1 },
              "s": { "a": 0, "k": [100, 100], "ix": 3 },
              "r": { "a": 0, "k": 0, "ix": 6 },
              "o": { "a": 0, "k": 100, "ix": 7 },
              "sk": { "a": 0, "k": 0, "ix": 4 },
              "sa": { "a": 0, "k": 0, "ix": 5 },
              "nm": "Transform"
            }
          ],
          "nm": "Shadow 02",
          "np": 2,
          "cix": 2,
          "bm": 0,
          "ix": 3,
          "mn": "ADBE Vector Group",
          "hd": false
        },
        {
          "ty": "gr",
          "it": [
            {
              "ind": 0,
              "ty": "sh",
              "ix": 1,
              "ks": {
                "a": 1,
                "k": [
                  {
                    "i": { "x": 0.667, "y": 1 },
                    "o": { "x": 0.333, "y": 0 },
                    "t": 0,
                    "s": [
                      {
                        "i": [
                          [0, 1],
                          [0, 0],
                          [0.5, -1]
                        ],
                        "o": [
                          [186, -43.5],
                          [0, 0],
                          [-78.5, -196]
                        ],
                        "v": [
                          [-241, -250.5],
                          [-14.5, -106.5],
                          [6.5, -144.5]
                        ],
                        "c": true
                      }
                    ]
                  },
                  {
                    "i": { "x": 0.667, "y": 1 },
                    "o": { "x": 0.333, "y": 0 },
                    "t": 28,
                    "s": [
                      {
                        "i": [
                          [0, 0.754],
                          [0, 0],
                          [0.414, -0.754]
                        ],
                        "o": [
                          [174.359, -22.549],
                          [0, 0],
                          [-57.013, -140.921]
                        ],
                        "v": [
                          [-199.145, -284.288],
                          [-6.524, -177.44],
                          [6.586, -198.395]
                        ],
                        "c": true
                      }
                    ]
                  },
                  {
                    "t": 53,
                    "s": [
                      {
                        "i": [
                          [0, 1],
                          [0, 0],
                          [0.5, -1]
                        ],
                        "o": [
                          [186, -43.5],
                          [0, 0],
                          [-78.5, -196]
                        ],
                        "v": [
                          [-241, -250.5],
                          [-14.5, -106.5],
                          [6.5, -144.5]
                        ],
                        "c": true
                      }
                    ]
                  }
                ],
                "ix": 2
              },
              "nm": "Path 1",
              "mn": "ADBE Vector Shape - Group",
              "hd": false
            },
            {
              "ty": "fl",
              "c": {
                "a": 0,
                "k": [0.800000059838, 0.196078446332, 0.20000001496, 1],
                "ix": 4
              },
              "o": { "a": 0, "k": 100, "ix": 5 },
              "r": 1,
              "bm": 0,
              "nm": "Fill 1",
              "mn": "ADBE Vector Graphic - Fill",
              "hd": false
            },
            {
              "ty": "tr",
              "p": { "a": 0, "k": [0, 0], "ix": 2 },
              "a": { "a": 0, "k": [0, 0], "ix": 1 },
              "s": { "a": 0, "k": [100, 100], "ix": 3 },
              "r": { "a": 0, "k": 0, "ix": 6 },
              "o": { "a": 0, "k": 100, "ix": 7 },
              "sk": { "a": 0, "k": 0, "ix": 4 },
              "sa": { "a": 0, "k": 0, "ix": 5 },
              "nm": "Transform"
            }
          ],
          "nm": "Shadow 01",
          "np": 2,
          "cix": 2,
          "bm": 0,
          "ix": 4,
          "mn": "ADBE Vector Group",
          "hd": false
        },
        {
          "ty": "gr",
          "it": [
            {
              "ind": 0,
              "ty": "sh",
              "ix": 1,
              "ks": {
                "a": 1,
                "k": [
                  {
                    "i": { "x": 0.667, "y": 1 },
                    "o": { "x": 0.333, "y": 0 },
                    "t": 0,
                    "s": [
                      {
                        "i": [
                          [44, -25],
                          [6, -69],
                          [-1, 0],
                          [2, 92],
                          [66, 32],
                          [0, -1]
                        ],
                        "o": [
                          [-57.595, 32.724],
                          [-24, 201],
                          [287, -206],
                          [-0.677, -31.137],
                          [-181.363, -87.934],
                          [-58, -158]
                        ],
                        "v": [
                          [-238, -252],
                          [-325, -112],
                          [6, 336],
                          [341, -114],
                          [258, -250],
                          [6, -145]
                        ],
                        "c": true
                      }
                    ]
                  },
                  {
                    "i": { "x": 0.667, "y": 1 },
                    "o": { "x": 0.333, "y": 0 },
                    "t": 28,
                    "s": [
                      {
                        "i": [
                          [44, -25],
                          [6, -69],
                          [-1, 0],
                          [2, 92],
                          [66, 32],
                          [0, -1]
                        ],
                        "o": [
                          [-57.594, 32.724],
                          [-24, 201],
                          [287, -206],
                          [-0.677, -31.137],
                          [-181.363, -87.934],
                          [-60.658, -132.258]
                        ],
                        "v": [
                          [-243.213, -269.091],
                          [-325, -112],
                          [6.787, 326.505],
                          [341, -114],
                          [264.951, -259.495],
                          [6.787, -201.971]
                        ],
                        "c": true
                      }
                    ]
                  },
                  {
                    "t": 53,
                    "s": [
                      {
                        "i": [
                          [44, -25],
                          [6, -69],
                          [-1, 0],
                          [2, 92],
                          [66, 32],
                          [0, -1]
                        ],
                        "o": [
                          [-57.595, 32.724],
                          [-24, 201],
                          [287, -206],
                          [-0.677, -31.137],
                          [-181.363, -87.934],
                          [-58, -158]
                        ],
                        "v": [
                          [-238, -252],
                          [-325, -112],
                          [6, 336],
                          [341, -114],
                          [258, -250],
                          [6, -145]
                        ],
                        "c": true
                      }
                    ]
                  }
                ],
                "ix": 2
              },
              "nm": "Path 1",
              "mn": "ADBE Vector Shape - Group",
              "hd": false
            },
            {
              "ty": "fl",
              "c": {
                "a": 0,
                "k": [0.956862984452, 0.2588239782, 0.211765005074, 1],
                "ix": 4
              },
              "o": { "a": 0, "k": 100, "ix": 5 },
              "r": 1,
              "bm": 0,
              "nm": "Fill 1",
              "mn": "ADBE Vector Graphic - Fill",
              "hd": false
            },
            {
              "ty": "tr",
              "p": { "a": 0, "k": [0, 0], "ix": 2 },
              "a": { "a": 0, "k": [0, 0], "ix": 1 },
              "s": { "a": 0, "k": [100, 100], "ix": 3 },
              "r": { "a": 0, "k": 0, "ix": 6 },
              "o": { "a": 0, "k": 100, "ix": 7 },
              "sk": { "a": 0, "k": 0, "ix": 4 },
              "sa": { "a": 0, "k": 0, "ix": 5 },
              "nm": "Transform"
            }
          ],
          "nm": "Fill",
          "np": 2,
          "cix": 2,
          "bm": 0,
          "ix": 5,
          "mn": "ADBE Vector Group",
          "hd": false
        }
      ],
      "ip": 0,
      "op": 110,
      "st": 0,
      "bm": 0
    }
  ],
  "markers": [{ "tm": 75, "cm": "rest", "dr": 0 }]
}
